candidate_id,rank,score,reasoning
CAND_0050679,1,0.67,Semantic match score 0.670
CAND_0020806,2,0.663,Semantic match score 0.663
CAND_0084718,3,0.663,Semantic match score 0.663
CAND_0020974,4,0.659,Semantic match score 0.659
CAND_0030386,5,0.659,Semantic match score 0.659
CAND_0037081,6,0.657,Semantic match score 0.657
CAND_0035214,7,0.657,Semantic match score 0.657
CAND_0092796,8,0.656,Semantic match score 0.656
CAND_0035664,9,0.655,Semantic match score 0.655
CAND_0077776,10,0.655,Semantic match score 0.655
CAND_0071908,11,0.653,Semantic match score 0.653
CAND_0064215,12,0.653,Semantic match score 0.653
CAND_0092767,13,0.653,Semantic match score 0.653
CAND_0092033,14,0.653,Semantic match score 0.653
CAND_0076006,15,0.652,Semantic match score 0.652
CAND_0068512,16,0.651,Semantic match score 0.651
CAND_0023896,17,0.65,Semantic match score 0.650
CAND_0039919,18,0.65,Semantic match score 0.650
CAND_0013264,19,0.649,Semantic match score 0.649
CAND_0011441,20,0.649,Semantic match score 0.649
CAND_0053064,21,0.649,Semantic match score 0.649
CAND_0029641,22,0.648,Semantic match score 0.648
CAND_0061740,23,0.648,Semantic match score 0.648
CAND_0086969,24,0.648,Semantic match score 0.648
CAND_0041255,25,0.648,Semantic match score 0.648
CAND_0002126,26,0.648,Semantic match score 0.648
CAND_0071369,27,0.648,Semantic match score 0.648
CAND_0071881,28,0.647,Semantic match score 0.647
CAND_0055414,29,0.647,Semantic match score 0.647
CAND_0005248,30,0.647,Semantic match score 0.647
CAND_0050556,31,0.647,Semantic match score 0.647
CAND_0027450,32,0.647,Semantic match score 0.647
CAND_0025920,33,0.646,Semantic match score 0.646
CAND_0056954,34,0.646,Semantic match score 0.646
CAND_0073765,35,0.646,Semantic match score 0.646
CAND_0054248,36,0.646,Semantic match score 0.646
CAND_0067956,37,0.646,Semantic match score 0.646
CAND_0031354,38,0.645,Semantic match score 0.645
CAND_0053099,39,0.645,Semantic match score 0.645
CAND_0053774,40,0.645,Semantic match score 0.645
CAND_0022801,41,0.645,Semantic match score 0.645
CAND_0009116,42,0.645,Semantic match score 0.645
CAND_0034880,43,0.644,Semantic match score 0.644
CAND_0060220,44,0.644,Semantic match score 0.644
CAND_0081472,45,0.644,Semantic match score 0.644
CAND_0093684,46,0.644,Semantic match score 0.644
CAND_0098356,47,0.644,Semantic match score 0.644
CAND_0061040,48,0.644,Semantic match score 0.644
CAND_0005414,49,0.644,Semantic match score 0.644
CAND_0098955,50,0.644,Semantic match score 0.644
CAND_0002631,51,0.644,Semantic match score 0.644
CAND_0048526,52,0.643,Semantic match score 0.643
CAND_0056998,53,0.643,Semantic match score 0.643
CAND_0036898,54,0.643,Semantic match score 0.643
CAND_0097246,55,0.643,Semantic match score 0.643
CAND_0085289,56,0.643,Semantic match score 0.643
CAND_0005405,57,0.643,Semantic match score 0.643
CAND_0046552,58,0.642,Semantic match score 0.642
CAND_0004330,59,0.642,Semantic match score 0.642
CAND_0061475,60,0.642,Semantic match score 0.642
CAND_0020662,61,0.642,Semantic match score 0.642
CAND_0016695,62,0.642,Semantic match score 0.642
CAND_0068413,63,0.642,Semantic match score 0.642
CAND_0095844,64,0.642,Semantic match score 0.642
CAND_0015823,65,0.642,Semantic match score 0.642
CAND_0016178,66,0.642,Semantic match score 0.642
CAND_0004980,67,0.642,Semantic match score 0.642
CAND_0094686,68,0.641,Semantic match score 0.641
CAND_0098722,69,0.641,Semantic match score 0.641
CAND_0098680,70,0.641,Semantic match score 0.641
CAND_0030364,71,0.641,Semantic match score 0.641
CAND_0027855,72,0.641,Semantic match score 0.641
CAND_0013810,73,0.641,Semantic match score 0.641
CAND_0095141,74,0.641,Semantic match score 0.641
CAND_0063899,75,0.641,Semantic match score 0.641
CAND_0015367,76,0.64,Semantic match score 0.640
CAND_0037006,77,0.64,Semantic match score 0.640
CAND_0023182,78,0.64,Semantic match score 0.640
CAND_0092362,79,0.64,Semantic match score 0.640
CAND_0029552,80,0.64,Semantic match score 0.640
CAND_0027976,81,0.64,Semantic match score 0.640
CAND_0091045,82,0.64,Semantic match score 0.640
CAND_0079322,83,0.64,Semantic match score 0.640
CAND_0091863,84,0.64,Semantic match score 0.640
CAND_0042086,85,0.64,Semantic match score 0.640
CAND_0080665,86,0.64,Semantic match score 0.640
CAND_0005249,87,0.64,Semantic match score 0.640
CAND_0063718,88,0.639,Semantic match score 0.639
CAND_0098809,89,0.639,Semantic match score 0.639
CAND_0082960,90,0.639,Semantic match score 0.639
CAND_0098498,91,0.639,Semantic match score 0.639
CAND_0002140,92,0.639,Semantic match score 0.639
CAND_0090251,93,0.639,Semantic match score 0.639
CAND_0020075,94,0.639,Semantic match score 0.639
CAND_0083384,95,0.639,Semantic match score 0.639
CAND_0036548,96,0.639,Semantic match score 0.639
CAND_0021213,97,0.639,Semantic match score 0.639
CAND_0076805,98,0.639,Semantic match score 0.639
CAND_0058592,99,0.639,Semantic match score 0.639
CAND_0002154,100,0.638,Semantic match score 0.638
CAND_0040259,101,0.638,Semantic match score 0.638
CAND_0029313,102,0.638,Semantic match score 0.638
CAND_0098770,103,0.638,Semantic match score 0.638
CAND_0021997,104,0.638,Semantic match score 0.638
CAND_0023074,105,0.638,Semantic match score 0.638
CAND_0009288,106,0.638,Semantic match score 0.638
CAND_0070658,107,0.638,Semantic match score 0.638
CAND_0008795,108,0.637,Semantic match score 0.637
CAND_0075563,109,0.637,Semantic match score 0.637
CAND_0049310,110,0.637,Semantic match score 0.637
CAND_0060388,111,0.637,Semantic match score 0.637
CAND_0020524,112,0.637,Semantic match score 0.637
CAND_0099080,113,0.637,Semantic match score 0.637
CAND_0088349,114,0.637,Semantic match score 0.637
CAND_0005014,115,0.636,Semantic match score 0.636
CAND_0071363,116,0.636,Semantic match score 0.636
CAND_0093767,117,0.636,Semantic match score 0.636
CAND_0018918,118,0.636,Semantic match score 0.636
CAND_0090308,119,0.636,Semantic match score 0.636
CAND_0028107,120,0.636,Semantic match score 0.636
CAND_0061411,121,0.636,Semantic match score 0.636
CAND_0084143,122,0.636,Semantic match score 0.636
CAND_0022989,123,0.636,Semantic match score 0.636
CAND_0080661,124,0.636,Semantic match score 0.636
CAND_0093707,125,0.636,Semantic match score 0.636
CAND_0059849,126,0.636,Semantic match score 0.636
CAND_0028399,127,0.636,Semantic match score 0.636
CAND_0014110,128,0.636,Semantic match score 0.636
CAND_0056287,129,0.636,Semantic match score 0.636
CAND_0034685,130,0.636,Semantic match score 0.636
CAND_0053459,131,0.636,Semantic match score 0.636
CAND_0027546,132,0.636,Semantic match score 0.636
CAND_0000330,133,0.636,Semantic match score 0.636
CAND_0042429,134,0.636,Semantic match score 0.636
CAND_0078121,135,0.636,Semantic match score 0.636
CAND_0061298,136,0.636,Semantic match score 0.636
CAND_0079038,137,0.635,Semantic match score 0.635
CAND_0000322,138,0.635,Semantic match score 0.635
CAND_0089814,139,0.635,Semantic match score 0.635
CAND_0055607,140,0.635,Semantic match score 0.635
CAND_0084844,141,0.635,Semantic match score 0.635
CAND_0064581,142,0.635,Semantic match score 0.635
CAND_0031707,143,0.635,Semantic match score 0.635
CAND_0045187,144,0.635,Semantic match score 0.635
CAND_0075336,145,0.635,Semantic match score 0.635
CAND_0054257,146,0.635,Semantic match score 0.635
CAND_0054159,147,0.635,Semantic match score 0.635
CAND_0036715,148,0.635,Semantic match score 0.635
CAND_0080810,149,0.635,Semantic match score 0.635
CAND_0098621,150,0.635,Semantic match score 0.635
CAND_0022008,151,0.635,Semantic match score 0.635
CAND_0066733,152,0.635,Semantic match score 0.635
CAND_0047065,153,0.634,Semantic match score 0.634
CAND_0038894,154,0.634,Semantic match score 0.634
CAND_0022676,155,0.634,Semantic match score 0.634
CAND_0058144,156,0.634,Semantic match score 0.634
CAND_0019696,157,0.634,Semantic match score 0.634
CAND_0054160,158,0.634,Semantic match score 0.634
CAND_0036492,159,0.634,Semantic match score 0.634
CAND_0090140,160,0.634,Semantic match score 0.634
CAND_0045982,161,0.634,Semantic match score 0.634
CAND_0089858,162,0.634,Semantic match score 0.634
CAND_0035411,163,0.634,Semantic match score 0.634
CAND_0048977,164,0.634,Semantic match score 0.634
CAND_0000739,165,0.634,Semantic match score 0.634
CAND_0072325,166,0.634,Semantic match score 0.634
CAND_0052316,167,0.634,Semantic match score 0.634
CAND_0033577,168,0.634,Semantic match score 0.634
CAND_0002813,169,0.634,Semantic match score 0.634
CAND_0001406,170,0.633,Semantic match score 0.633
CAND_0096943,171,0.633,Semantic match score 0.633
CAND_0042642,172,0.633,Semantic match score 0.633
CAND_0085441,173,0.633,Semantic match score 0.633
CAND_0028777,174,0.633,Semantic match score 0.633
CAND_0066843,175,0.633,Semantic match score 0.633
CAND_0097876,176,0.633,Semantic match score 0.633
CAND_0027651,177,0.633,Semantic match score 0.633
CAND_0034798,178,0.633,Semantic match score 0.633
CAND_0056613,179,0.633,Semantic match score 0.633
CAND_0093814,180,0.633,Semantic match score 0.633
CAND_0092070,181,0.633,Semantic match score 0.633
CAND_0094256,182,0.633,Semantic match score 0.633
CAND_0074258,183,0.633,Semantic match score 0.633
CAND_0003067,184,0.633,Semantic match score 0.633
CAND_0034846,185,0.633,Semantic match score 0.633
CAND_0058217,186,0.633,Semantic match score 0.633
CAND_0025804,187,0.633,Semantic match score 0.633
CAND_0095138,188,0.633,Semantic match score 0.633
CAND_0016666,189,0.633,Semantic match score 0.633
CAND_0075252,190,0.633,Semantic match score 0.633
CAND_0028537,191,0.633,Semantic match score 0.633
CAND_0013090,192,0.633,Semantic match score 0.633
CAND_0088891,193,0.633,Semantic match score 0.633
CAND_0077420,194,0.633,Semantic match score 0.633
CAND_0065794,195,0.632,Semantic match score 0.632
CAND_0037003,196,0.632,Semantic match score 0.632
CAND_0085330,197,0.632,Semantic match score 0.632
CAND_0042992,198,0.632,Semantic match score 0.632
CAND_0020007,199,0.632,Semantic match score 0.632
CAND_0002870,200,0.632,Semantic match score 0.632
CAND_0036476,201,0.632,Semantic match score 0.632
CAND_0078263,202,0.632,Semantic match score 0.632
CAND_0094963,203,0.632,Semantic match score 0.632
CAND_0056345,204,0.632,Semantic match score 0.632
CAND_0032555,205,0.632,Semantic match score 0.632
CAND_0079674,206,0.632,Semantic match score 0.632
CAND_0095947,207,0.632,Semantic match score 0.632
CAND_0063657,208,0.632,Semantic match score 0.632
CAND_0022794,209,0.632,Semantic match score 0.632
CAND_0092551,210,0.632,Semantic match score 0.632
CAND_0085950,211,0.632,Semantic match score 0.632
CAND_0039977,212,0.632,Semantic match score 0.632
CAND_0030498,213,0.632,Semantic match score 0.632
CAND_0035023,214,0.632,Semantic match score 0.632
CAND_0076037,215,0.632,Semantic match score 0.632
CAND_0037919,216,0.632,Semantic match score 0.632
CAND_0013186,217,0.631,Semantic match score 0.631
CAND_0092941,218,0.631,Semantic match score 0.631
CAND_0056324,219,0.631,Semantic match score 0.631
CAND_0098235,220,0.631,Semantic match score 0.631
CAND_0057089,221,0.631,Semantic match score 0.631
CAND_0017837,222,0.631,Semantic match score 0.631
CAND_0091454,223,0.631,Semantic match score 0.631
CAND_0009229,224,0.631,Semantic match score 0.631
CAND_0053436,225,0.631,Semantic match score 0.631
CAND_0062914,226,0.631,Semantic match score 0.631
CAND_0059623,227,0.631,Semantic match score 0.631
CAND_0017014,228,0.631,Semantic match score 0.631
CAND_0099392,229,0.631,Semantic match score 0.631
CAND_0010363,230,0.631,Semantic match score 0.631
CAND_0034641,231,0.631,Semantic match score 0.631
CAND_0011766,232,0.631,Semantic match score 0.631
CAND_0065296,233,0.631,Semantic match score 0.631
CAND_0036229,234,0.631,Semantic match score 0.631
CAND_0068057,235,0.631,Semantic match score 0.631
CAND_0051669,236,0.631,Semantic match score 0.631
CAND_0098321,237,0.631,Semantic match score 0.631
CAND_0000915,238,0.631,Semantic match score 0.631
CAND_0077424,239,0.631,Semantic match score 0.631
CAND_0015750,240,0.631,Semantic match score 0.631
CAND_0008328,241,0.63,Semantic match score 0.630
CAND_0012498,242,0.63,Semantic match score 0.630
CAND_0019427,243,0.63,Semantic match score 0.630
CAND_0069889,244,0.63,Semantic match score 0.630
CAND_0087023,245,0.63,Semantic match score 0.630
CAND_0010332,246,0.63,Semantic match score 0.630
CAND_0059678,247,0.63,Semantic match score 0.630
CAND_0012598,248,0.63,Semantic match score 0.630
CAND_0054773,249,0.63,Semantic match score 0.630
CAND_0078518,250,0.63,Semantic match score 0.630
CAND_0098723,251,0.63,Semantic match score 0.630
CAND_0050943,252,0.63,Semantic match score 0.630
CAND_0059337,253,0.63,Semantic match score 0.630
CAND_0033612,254,0.63,Semantic match score 0.630
CAND_0098863,255,0.63,Semantic match score 0.630
CAND_0046698,256,0.63,Semantic match score 0.630
CAND_0070980,257,0.63,Semantic match score 0.630
CAND_0000847,258,0.63,Semantic match score 0.630
CAND_0013842,259,0.63,Semantic match score 0.630
CAND_0077350,260,0.63,Semantic match score 0.630
CAND_0099951,261,0.63,Semantic match score 0.630
CAND_0025633,262,0.63,Semantic match score 0.630
CAND_0004123,263,0.63,Semantic match score 0.630
CAND_0004911,264,0.63,Semantic match score 0.630
CAND_0024858,265,0.63,Semantic match score 0.630
CAND_0031701,266,0.63,Semantic match score 0.630
CAND_0049425,267,0.63,Semantic match score 0.630
CAND_0010848,268,0.629,Semantic match score 0.629
CAND_0049246,269,0.629,Semantic match score 0.629
CAND_0080405,270,0.629,Semantic match score 0.629
CAND_0029751,271,0.629,Semantic match score 0.629
CAND_0018910,272,0.629,Semantic match score 0.629
CAND_0087876,273,0.629,Semantic match score 0.629
CAND_0029209,274,0.629,Semantic match score 0.629
CAND_0005458,275,0.629,Semantic match score 0.629
CAND_0003235,276,0.629,Semantic match score 0.629
CAND_0048247,277,0.629,Semantic match score 0.629
CAND_0020231,278,0.629,Semantic match score 0.629
CAND_0094966,279,0.629,Semantic match score 0.629
CAND_0009058,280,0.629,Semantic match score 0.629
CAND_0014880,281,0.629,Semantic match score 0.629
CAND_0016369,282,0.629,Semantic match score 0.629
CAND_0050151,283,0.629,Semantic match score 0.629
CAND_0090280,284,0.629,Semantic match score 0.629
CAND_0024492,285,0.629,Semantic match score 0.629
CAND_0052141,286,0.629,Semantic match score 0.629
CAND_0053768,287,0.629,Semantic match score 0.629
CAND_0091295,288,0.629,Semantic match score 0.629
CAND_0068167,289,0.629,Semantic match score 0.629
CAND_0084627,290,0.629,Semantic match score 0.629
CAND_0065445,291,0.629,Semantic match score 0.629
CAND_0020828,292,0.628,Semantic match score 0.628
CAND_0008995,293,0.628,Semantic match score 0.628
CAND_0047378,294,0.628,Semantic match score 0.628
CAND_0085219,295,0.628,Semantic match score 0.628
CAND_0050074,296,0.628,Semantic match score 0.628
CAND_0017362,297,0.628,Semantic match score 0.628
CAND_0091836,298,0.628,Semantic match score 0.628
CAND_0070364,299,0.628,Semantic match score 0.628
CAND_0042934,300,0.628,Semantic match score 0.628
CAND_0051474,301,0.628,Semantic match score 0.628
CAND_0060856,302,0.628,Semantic match score 0.628
CAND_0062950,303,0.628,Semantic match score 0.628
CAND_0011186,304,0.628,Semantic match score 0.628
CAND_0015218,305,0.628,Semantic match score 0.628
CAND_0072609,306,0.628,Semantic match score 0.628
CAND_0091611,307,0.628,Semantic match score 0.628
CAND_0031652,308,0.627,Semantic match score 0.627
CAND_0061985,309,0.627,Semantic match score 0.627
CAND_0016433,310,0.627,Semantic match score 0.627
CAND_0057202,311,0.627,Semantic match score 0.627
CAND_0043539,312,0.627,Semantic match score 0.627
CAND_0047811,313,0.627,Semantic match score 0.627
CAND_0098957,314,0.627,Semantic match score 0.627
CAND_0081801,315,0.627,Semantic match score 0.627
CAND_0065028,316,0.627,Semantic match score 0.627
CAND_0087192,317,0.627,Semantic match score 0.627
CAND_0079846,318,0.627,Semantic match score 0.627
CAND_0031266,319,0.627,Semantic match score 0.627
CAND_0014257,320,0.627,Semantic match score 0.627
CAND_0011758,321,0.627,Semantic match score 0.627
CAND_0021680,322,0.627,Semantic match score 0.627
CAND_0006324,323,0.627,Semantic match score 0.627
CAND_0007177,324,0.627,Semantic match score 0.627
CAND_0088699,325,0.627,Semantic match score 0.627
CAND_0062340,326,0.627,Semantic match score 0.627
CAND_0012491,327,0.627,Semantic match score 0.627
CAND_0096537,328,0.627,Semantic match score 0.627
CAND_0052750,329,0.627,Semantic match score 0.627
CAND_0007688,330,0.627,Semantic match score 0.627
CAND_0098757,331,0.627,Semantic match score 0.627
CAND_0010043,332,0.627,Semantic match score 0.627
CAND_0074533,333,0.627,Semantic match score 0.627
CAND_0074868,334,0.627,Semantic match score 0.627
CAND_0065861,335,0.627,Semantic match score 0.627
CAND_0002031,336,0.627,Semantic match score 0.627
CAND_0042282,337,0.627,Semantic match score 0.627
CAND_0072231,338,0.627,Semantic match score 0.627
CAND_0072557,339,0.626,Semantic match score 0.626
CAND_0021581,340,0.626,Semantic match score 0.626
CAND_0013185,341,0.626,Semantic match score 0.626
CAND_0057180,342,0.626,Semantic match score 0.626
CAND_0081203,343,0.626,Semantic match score 0.626
CAND_0002090,344,0.626,Semantic match score 0.626
CAND_0024839,345,0.626,Semantic match score 0.626
CAND_0055143,346,0.626,Semantic match score 0.626
CAND_0028175,347,0.626,Semantic match score 0.626
CAND_0026578,348,0.626,Semantic match score 0.626
CAND_0094541,349,0.626,Semantic match score 0.626
CAND_0082476,350,0.626,Semantic match score 0.626
CAND_0014653,351,0.626,Semantic match score 0.626
CAND_0092603,352,0.626,Semantic match score 0.626
CAND_0011199,353,0.626,Semantic match score 0.626
CAND_0045258,354,0.626,Semantic match score 0.626
CAND_0053507,355,0.626,Semantic match score 0.626
CAND_0067226,356,0.626,Semantic match score 0.626
CAND_0090832,357,0.626,Semantic match score 0.626
CAND_0049155,358,0.626,Semantic match score 0.626
CAND_0070195,359,0.626,Semantic match score 0.626
CAND_0085663,360,0.626,Semantic match score 0.626
CAND_0089871,361,0.626,Semantic match score 0.626
CAND_0096290,362,0.626,Semantic match score 0.626
CAND_0028080,363,0.626,Semantic match score 0.626
CAND_0065838,364,0.626,Semantic match score 0.626
CAND_0051435,365,0.626,Semantic match score 0.626
CAND_0038047,366,0.626,Semantic match score 0.626
CAND_0033411,367,0.626,Semantic match score 0.626
CAND_0065416,368,0.626,Semantic match score 0.626
CAND_0096391,369,0.626,Semantic match score 0.626
CAND_0063424,370,0.626,Semantic match score 0.626
CAND_0055187,371,0.625,Semantic match score 0.625
CAND_0083080,372,0.625,Semantic match score 0.625
CAND_0068102,373,0.625,Semantic match score 0.625
CAND_0052559,374,0.625,Semantic match score 0.625
CAND_0009169,375,0.625,Semantic match score 0.625
CAND_0011505,376,0.625,Semantic match score 0.625
CAND_0022906,377,0.625,Semantic match score 0.625
CAND_0041044,378,0.625,Semantic match score 0.625
CAND_0097252,379,0.625,Semantic match score 0.625
CAND_0069940,380,0.625,Semantic match score 0.625
CAND_0061361,381,0.625,Semantic match score 0.625
CAND_0088799,382,0.625,Semantic match score 0.625
CAND_0030822,383,0.625,Semantic match score 0.625
CAND_0095506,384,0.625,Semantic match score 0.625
CAND_0025086,385,0.625,Semantic match score 0.625
CAND_0092408,386,0.625,Semantic match score 0.625
CAND_0030437,387,0.625,Semantic match score 0.625
CAND_0056182,388,0.625,Semantic match score 0.625
CAND_0020236,389,0.625,Semantic match score 0.625
CAND_0082803,390,0.625,Semantic match score 0.625
CAND_0091727,391,0.625,Semantic match score 0.625
CAND_0090946,392,0.625,Semantic match score 0.625
CAND_0043416,393,0.625,Semantic match score 0.625
CAND_0006017,394,0.625,Semantic match score 0.625
CAND_0053053,395,0.625,Semantic match score 0.625
CAND_0037240,396,0.625,Semantic match score 0.625
CAND_0070583,397,0.625,Semantic match score 0.625
CAND_0004001,398,0.625,Semantic match score 0.625
CAND_0084290,399,0.625,Semantic match score 0.625
CAND_0030732,400,0.625,Semantic match score 0.625
CAND_0048271,401,0.624,Semantic match score 0.624
CAND_0072049,402,0.624,Semantic match score 0.624
CAND_0098930,403,0.624,Semantic match score 0.624
CAND_0085263,404,0.624,Semantic match score 0.624
CAND_0083005,405,0.624,Semantic match score 0.624
CAND_0034020,406,0.624,Semantic match score 0.624
CAND_0081576,407,0.624,Semantic match score 0.624
CAND_0027988,408,0.624,Semantic match score 0.624
CAND_0060832,409,0.624,Semantic match score 0.624
CAND_0093988,410,0.624,Semantic match score 0.624
CAND_0008046,411,0.624,Semantic match score 0.624
CAND_0007997,412,0.624,Semantic match score 0.624
CAND_0073632,413,0.624,Semantic match score 0.624
CAND_0008034,414,0.624,Semantic match score 0.624
CAND_0036707,415,0.624,Semantic match score 0.624
CAND_0039235,416,0.624,Semantic match score 0.624
CAND_0021768,417,0.624,Semantic match score 0.624
CAND_0066599,418,0.624,Semantic match score 0.624
CAND_0084737,419,0.624,Semantic match score 0.624
CAND_0016197,420,0.624,Semantic match score 0.624
CAND_0018723,421,0.624,Semantic match score 0.624
CAND_0089516,422,0.624,Semantic match score 0.624
CAND_0039550,423,0.624,Semantic match score 0.624
CAND_0018851,424,0.624,Semantic match score 0.624
CAND_0061903,425,0.624,Semantic match score 0.624
CAND_0060032,426,0.624,Semantic match score 0.624
CAND_0040206,427,0.624,Semantic match score 0.624
CAND_0051499,428,0.624,Semantic match score 0.624
CAND_0077391,429,0.624,Semantic match score 0.624
CAND_0078963,430,0.624,Semantic match score 0.624
CAND_0021282,431,0.623,Semantic match score 0.623
CAND_0056808,432,0.623,Semantic match score 0.623
CAND_0005383,433,0.623,Semantic match score 0.623
CAND_0094670,434,0.623,Semantic match score 0.623
CAND_0033991,435,0.623,Semantic match score 0.623
CAND_0090939,436,0.623,Semantic match score 0.623
CAND_0076990,437,0.623,Semantic match score 0.623
CAND_0096474,438,0.623,Semantic match score 0.623
CAND_0096192,439,0.623,Semantic match score 0.623
CAND_0035349,440,0.623,Semantic match score 0.623
CAND_0060235,441,0.623,Semantic match score 0.623
CAND_0056356,442,0.623,Semantic match score 0.623
CAND_0036871,443,0.623,Semantic match score 0.623
CAND_0026092,444,0.623,Semantic match score 0.623
CAND_0022484,445,0.623,Semantic match score 0.623
CAND_0060345,446,0.623,Semantic match score 0.623
CAND_0036114,447,0.623,Semantic match score 0.623
CAND_0023281,448,0.623,Semantic match score 0.623
CAND_0023934,449,0.623,Semantic match score 0.623
CAND_0018484,450,0.623,Semantic match score 0.623
CAND_0063621,451,0.623,Semantic match score 0.623
CAND_0001544,452,0.623,Semantic match score 0.623
CAND_0070407,453,0.623,Semantic match score 0.623
CAND_0037362,454,0.623,Semantic match score 0.623
CAND_0029474,455,0.623,Semantic match score 0.623
CAND_0049122,456,0.623,Semantic match score 0.623
CAND_0008963,457,0.623,Semantic match score 0.623
CAND_0024899,458,0.623,Semantic match score 0.623
CAND_0002953,459,0.623,Semantic match score 0.623
CAND_0026480,460,0.623,Semantic match score 0.623
CAND_0082159,461,0.623,Semantic match score 0.623
CAND_0081163,462,0.623,Semantic match score 0.623
CAND_0013229,463,0.623,Semantic match score 0.623
CAND_0002671,464,0.623,Semantic match score 0.623
CAND_0060786,465,0.622,Semantic match score 0.622
CAND_0017718,466,0.622,Semantic match score 0.622
CAND_0080002,467,0.622,Semantic match score 0.622
CAND_0047544,468,0.622,Semantic match score 0.622
CAND_0007111,469,0.622,Semantic match score 0.622
CAND_0046266,470,0.622,Semantic match score 0.622
CAND_0071638,471,0.622,Semantic match score 0.622
CAND_0094920,472,0.622,Semantic match score 0.622
CAND_0004236,473,0.622,Semantic match score 0.622
CAND_0071770,474,0.622,Semantic match score 0.622
CAND_0001450,475,0.622,Semantic match score 0.622
CAND_0055374,476,0.622,Semantic match score 0.622
CAND_0018610,477,0.622,Semantic match score 0.622
CAND_0003625,478,0.622,Semantic match score 0.622
CAND_0031232,479,0.622,Semantic match score 0.622
CAND_0077937,480,0.622,Semantic match score 0.622
CAND_0034053,481,0.622,Semantic match score 0.622
CAND_0019450,482,0.622,Semantic match score 0.622
CAND_0079596,483,0.622,Semantic match score 0.622
CAND_0046300,484,0.622,Semantic match score 0.622
CAND_0050822,485,0.622,Semantic match score 0.622
CAND_0039653,486,0.622,Semantic match score 0.622
CAND_0039329,487,0.622,Semantic match score 0.622
CAND_0031152,488,0.622,Semantic match score 0.622
CAND_0034369,489,0.622,Semantic match score 0.622
CAND_0086963,490,0.622,Semantic match score 0.622
CAND_0035530,491,0.622,Semantic match score 0.622
CAND_0017565,492,0.622,Semantic match score 0.622
CAND_0040730,493,0.622,Semantic match score 0.622
CAND_0096126,494,0.622,Semantic match score 0.622
CAND_0058521,495,0.622,Semantic match score 0.622
CAND_0064688,496,0.622,Semantic match score 0.622
CAND_0013523,497,0.622,Semantic match score 0.622
CAND_0071394,498,0.622,Semantic match score 0.622
CAND_0085842,499,0.622,Semantic match score 0.622
CAND_0093621,500,0.621,Semantic match score 0.621
CAND_0029564,501,0.621,Semantic match score 0.621
CAND_0091379,502,0.621,Semantic match score 0.621
CAND_0051200,503,0.621,Semantic match score 0.621
CAND_0045899,504,0.621,Semantic match score 0.621
CAND_0067475,505,0.621,Semantic match score 0.621
CAND_0054647,506,0.621,Semantic match score 0.621
CAND_0003676,507,0.621,Semantic match score 0.621
CAND_0025660,508,0.621,Semantic match score 0.621
CAND_0000120,509,0.621,Semantic match score 0.621
CAND_0086512,510,0.621,Semantic match score 0.621
CAND_0065016,511,0.621,Semantic match score 0.621
CAND_0036891,512,0.621,Semantic match score 0.621
CAND_0009302,513,0.621,Semantic match score 0.621
CAND_0086350,514,0.621,Semantic match score 0.621
CAND_0021472,515,0.621,Semantic match score 0.621
CAND_0081602,516,0.621,Semantic match score 0.621
CAND_0054804,517,0.621,Semantic match score 0.621
CAND_0018393,518,0.621,Semantic match score 0.621
CAND_0000388,519,0.621,Semantic match score 0.621
CAND_0005155,520,0.621,Semantic match score 0.621
CAND_0086828,521,0.621,Semantic match score 0.621
CAND_0074754,522,0.621,Semantic match score 0.621
CAND_0015108,523,0.621,Semantic match score 0.621
CAND_0083963,524,0.621,Semantic match score 0.621
CAND_0056191,525,0.621,Semantic match score 0.621
CAND_0063826,526,0.621,Semantic match score 0.621
CAND_0001113,527,0.621,Semantic match score 0.621
CAND_0072159,528,0.621,Semantic match score 0.621
CAND_0042618,529,0.621,Semantic match score 0.621
CAND_0025112,530,0.621,Semantic match score 0.621
CAND_0068716,531,0.621,Semantic match score 0.621
CAND_0012918,532,0.621,Semantic match score 0.621
CAND_0035195,533,0.621,Semantic match score 0.621
CAND_0083060,534,0.621,Semantic match score 0.621
CAND_0032471,535,0.621,Semantic match score 0.621
CAND_0017132,536,0.621,Semantic match score 0.621
CAND_0065748,537,0.621,Semantic match score 0.621
CAND_0050255,538,0.621,Semantic match score 0.621
CAND_0059839,539,0.621,Semantic match score 0.621
CAND_0057976,540,0.621,Semantic match score 0.621
CAND_0003962,541,0.621,Semantic match score 0.621
CAND_0023239,542,0.621,Semantic match score 0.621
CAND_0099844,543,0.621,Semantic match score 0.621
CAND_0098079,544,0.621,Semantic match score 0.621
CAND_0014968,545,0.62,Semantic match score 0.620
CAND_0069838,546,0.62,Semantic match score 0.620
CAND_0020083,547,0.62,Semantic match score 0.620
CAND_0029150,548,0.62,Semantic match score 0.620
CAND_0026248,549,0.62,Semantic match score 0.620
CAND_0059179,550,0.62,Semantic match score 0.620
CAND_0061102,551,0.62,Semantic match score 0.620
CAND_0014723,552,0.62,Semantic match score 0.620
CAND_0003670,553,0.62,Semantic match score 0.620
CAND_0093770,554,0.62,Semantic match score 0.620
CAND_0030280,555,0.62,Semantic match score 0.620
CAND_0053258,556,0.62,Semantic match score 0.620
CAND_0010901,557,0.62,Semantic match score 0.620
CAND_0013950,558,0.62,Semantic match score 0.620
CAND_0054948,559,0.62,Semantic match score 0.620
CAND_0019753,560,0.62,Semantic match score 0.620
CAND_0039347,561,0.62,Semantic match score 0.620
CAND_0072112,562,0.62,Semantic match score 0.620
CAND_0052324,563,0.62,Semantic match score 0.620
CAND_0095383,564,0.62,Semantic match score 0.620
CAND_0070585,565,0.62,Semantic match score 0.620
CAND_0074037,566,0.62,Semantic match score 0.620
CAND_0010207,567,0.62,Semantic match score 0.620
CAND_0060252,568,0.62,Semantic match score 0.620
CAND_0035542,569,0.62,Semantic match score 0.620
CAND_0006240,570,0.62,Semantic match score 0.620
CAND_0098264,571,0.62,Semantic match score 0.620
CAND_0017495,572,0.62,Semantic match score 0.620
CAND_0048883,573,0.62,Semantic match score 0.620
CAND_0066098,574,0.62,Semantic match score 0.620
CAND_0024159,575,0.62,Semantic match score 0.620
CAND_0037727,576,0.62,Semantic match score 0.620
CAND_0032345,577,0.62,Semantic match score 0.620
CAND_0021255,578,0.62,Semantic match score 0.620
CAND_0040014,579,0.62,Semantic match score 0.620
CAND_0063635,580,0.62,Semantic match score 0.620
CAND_0007860,581,0.62,Semantic match score 0.620
CAND_0081371,582,0.619,Semantic match score 0.619
CAND_0083062,583,0.619,Semantic match score 0.619
CAND_0025634,584,0.619,Semantic match score 0.619
CAND_0084335,585,0.619,Semantic match score 0.619
CAND_0021671,586,0.619,Semantic match score 0.619
CAND_0040876,587,0.619,Semantic match score 0.619
CAND_0045177,588,0.619,Semantic match score 0.619
CAND_0067785,589,0.619,Semantic match score 0.619
CAND_0029663,590,0.619,Semantic match score 0.619
CAND_0056522,591,0.619,Semantic match score 0.619
CAND_0039597,592,0.619,Semantic match score 0.619
CAND_0071866,593,0.619,Semantic match score 0.619
CAND_0072420,594,0.619,Semantic match score 0.619
CAND_0046822,595,0.619,Semantic match score 0.619
CAND_0073359,596,0.619,Semantic match score 0.619
CAND_0002451,597,0.619,Semantic match score 0.619
CAND_0033562,598,0.619,Semantic match score 0.619
CAND_0010756,599,0.619,Semantic match score 0.619
CAND_0085171,600,0.619,Semantic match score 0.619
CAND_0077440,601,0.619,Semantic match score 0.619
CAND_0095395,602,0.619,Semantic match score 0.619
CAND_0083245,603,0.619,Semantic match score 0.619
CAND_0085901,604,0.619,Semantic match score 0.619
CAND_0017185,605,0.619,Semantic match score 0.619
CAND_0002752,606,0.619,Semantic match score 0.619
CAND_0028701,607,0.619,Semantic match score 0.619
CAND_0012660,608,0.619,Semantic match score 0.619
CAND_0049527,609,0.619,Semantic match score 0.619
CAND_0074450,610,0.619,Semantic match score 0.619
CAND_0015541,611,0.619,Semantic match score 0.619
CAND_0061979,612,0.619,Semantic match score 0.619
CAND_0032922,613,0.619,Semantic match score 0.619
CAND_0095579,614,0.619,Semantic match score 0.619
CAND_0020897,615,0.619,Semantic match score 0.619
CAND_0014370,616,0.619,Semantic match score 0.619
CAND_0014179,617,0.619,Semantic match score 0.619
CAND_0074896,618,0.619,Semantic match score 0.619
CAND_0091879,619,0.619,Semantic match score 0.619
CAND_0083168,620,0.619,Semantic match score 0.619
CAND_0078258,621,0.619,Semantic match score 0.619
CAND_0052895,622,0.619,Semantic match score 0.619
CAND_0047609,623,0.619,Semantic match score 0.619
CAND_0005205,624,0.619,Semantic match score 0.619
CAND_0011107,625,0.619,Semantic match score 0.619
CAND_0031598,626,0.619,Semantic match score 0.619
CAND_0019892,627,0.619,Semantic match score 0.619
CAND_0014311,628,0.618,Semantic match score 0.618
CAND_0088708,629,0.618,Semantic match score 0.618
CAND_0034305,630,0.618,Semantic match score 0.618
CAND_0096621,631,0.618,Semantic match score 0.618
CAND_0039504,632,0.618,Semantic match score 0.618
CAND_0027061,633,0.618,Semantic match score 0.618
CAND_0063044,634,0.618,Semantic match score 0.618
CAND_0069194,635,0.618,Semantic match score 0.618
CAND_0078471,636,0.618,Semantic match score 0.618
CAND_0062971,637,0.618,Semantic match score 0.618
CAND_0074376,638,0.618,Semantic match score 0.618
CAND_0052457,639,0.618,Semantic match score 0.618
CAND_0066945,640,0.618,Semantic match score 0.618
CAND_0055518,641,0.618,Semantic match score 0.618
CAND_0067771,642,0.618,Semantic match score 0.618
CAND_0066354,643,0.618,Semantic match score 0.618
CAND_0096777,644,0.618,Semantic match score 0.618
CAND_0024330,645,0.618,Semantic match score 0.618
CAND_0048064,646,0.618,Semantic match score 0.618
CAND_0081315,647,0.618,Semantic match score 0.618
CAND_0096511,648,0.618,Semantic match score 0.618
CAND_0060109,649,0.618,Semantic match score 0.618
CAND_0012985,650,0.618,Semantic match score 0.618
CAND_0045432,651,0.618,Semantic match score 0.618
CAND_0054400,652,0.618,Semantic match score 0.618
CAND_0043261,653,0.618,Semantic match score 0.618
CAND_0057422,654,0.618,Semantic match score 0.618
CAND_0015454,655,0.618,Semantic match score 0.618
CAND_0015003,656,0.618,Semantic match score 0.618
CAND_0000927,657,0.618,Semantic match score 0.618
CAND_0096654,658,0.618,Semantic match score 0.618
CAND_0098003,659,0.618,Semantic match score 0.618
CAND_0003773,660,0.618,Semantic match score 0.618
CAND_0066313,661,0.618,Semantic match score 0.618
CAND_0008102,662,0.618,Semantic match score 0.618
CAND_0076274,663,0.618,Semantic match score 0.618
CAND_0044997,664,0.618,Semantic match score 0.618
CAND_0083432,665,0.618,Semantic match score 0.618
CAND_0097731,666,0.618,Semantic match score 0.618
CAND_0092753,667,0.618,Semantic match score 0.618
CAND_0030971,668,0.618,Semantic match score 0.618
CAND_0055009,669,0.618,Semantic match score 0.618
CAND_0055573,670,0.618,Semantic match score 0.618
CAND_0066611,671,0.618,Semantic match score 0.618
CAND_0054256,672,0.618,Semantic match score 0.618
CAND_0032730,673,0.618,Semantic match score 0.618
CAND_0043034,674,0.618,Semantic match score 0.618
CAND_0079545,675,0.618,Semantic match score 0.618
CAND_0056510,676,0.618,Semantic match score 0.618
CAND_0016455,677,0.618,Semantic match score 0.618
CAND_0090172,678,0.618,Semantic match score 0.618
CAND_0041321,679,0.618,Semantic match score 0.618
CAND_0059509,680,0.618,Semantic match score 0.618
CAND_0052020,681,0.618,Semantic match score 0.618
CAND_0033393,682,0.618,Semantic match score 0.618
CAND_0092748,683,0.617,Semantic match score 0.617
CAND_0057320,684,0.617,Semantic match score 0.617
CAND_0062751,685,0.617,Semantic match score 0.617
CAND_0055824,686,0.617,Semantic match score 0.617
CAND_0095045,687,0.617,Semantic match score 0.617
CAND_0020019,688,0.617,Semantic match score 0.617
CAND_0056302,689,0.617,Semantic match score 0.617
CAND_0065745,690,0.617,Semantic match score 0.617
CAND_0048859,691,0.617,Semantic match score 0.617
CAND_0081523,692,0.617,Semantic match score 0.617
CAND_0048423,693,0.617,Semantic match score 0.617
CAND_0003310,694,0.617,Semantic match score 0.617
CAND_0082158,695,0.617,Semantic match score 0.617
CAND_0066395,696,0.617,Semantic match score 0.617
CAND_0075318,697,0.617,Semantic match score 0.617
CAND_0082905,698,0.617,Semantic match score 0.617
CAND_0046875,699,0.617,Semantic match score 0.617
CAND_0010208,700,0.617,Semantic match score 0.617
CAND_0022182,701,0.617,Semantic match score 0.617
CAND_0029349,702,0.617,Semantic match score 0.617
CAND_0020623,703,0.617,Semantic match score 0.617
CAND_0082137,704,0.617,Semantic match score 0.617
CAND_0025866,705,0.617,Semantic match score 0.617
CAND_0032177,706,0.617,Semantic match score 0.617
CAND_0075106,707,0.617,Semantic match score 0.617
CAND_0063768,708,0.617,Semantic match score 0.617
CAND_0023444,709,0.617,Semantic match score 0.617
CAND_0087105,710,0.617,Semantic match score 0.617
CAND_0082874,711,0.617,Semantic match score 0.617
CAND_0047773,712,0.617,Semantic match score 0.617
CAND_0049237,713,0.617,Semantic match score 0.617
CAND_0098389,714,0.617,Semantic match score 0.617
CAND_0059099,715,0.617,Semantic match score 0.617
CAND_0052937,716,0.617,Semantic match score 0.617
CAND_0006158,717,0.617,Semantic match score 0.617
CAND_0055999,718,0.617,Semantic match score 0.617
CAND_0097563,719,0.617,Semantic match score 0.617
CAND_0047998,720,0.617,Semantic match score 0.617
CAND_0056355,721,0.617,Semantic match score 0.617
CAND_0010324,722,0.617,Semantic match score 0.617
CAND_0050589,723,0.617,Semantic match score 0.617
CAND_0017119,724,0.617,Semantic match score 0.617
CAND_0023729,725,0.617,Semantic match score 0.617
CAND_0024644,726,0.617,Semantic match score 0.617
CAND_0088868,727,0.617,Semantic match score 0.617
CAND_0015425,728,0.617,Semantic match score 0.617
CAND_0021082,729,0.617,Semantic match score 0.617
CAND_0008764,730,0.617,Semantic match score 0.617
CAND_0053125,731,0.617,Semantic match score 0.617
CAND_0010936,732,0.617,Semantic match score 0.617
CAND_0021708,733,0.617,Semantic match score 0.617
CAND_0095731,734,0.617,Semantic match score 0.617
CAND_0035891,735,0.617,Semantic match score 0.617
CAND_0097097,736,0.617,Semantic match score 0.617
CAND_0007131,737,0.617,Semantic match score 0.617
CAND_0006512,738,0.617,Semantic match score 0.617
CAND_0078384,739,0.617,Semantic match score 0.617
CAND_0054462,740,0.617,Semantic match score 0.617
CAND_0083405,741,0.617,Semantic match score 0.617
CAND_0060894,742,0.617,Semantic match score 0.617
CAND_0043709,743,0.617,Semantic match score 0.617
CAND_0084254,744,0.617,Semantic match score 0.617
CAND_0010047,745,0.616,Semantic match score 0.616
CAND_0089446,746,0.616,Semantic match score 0.616
CAND_0002662,747,0.616,Semantic match score 0.616
CAND_0041662,748,0.616,Semantic match score 0.616
CAND_0055257,749,0.616,Semantic match score 0.616
CAND_0005932,750,0.616,Semantic match score 0.616
CAND_0007496,751,0.616,Semantic match score 0.616
CAND_0023053,752,0.616,Semantic match score 0.616
CAND_0095909,753,0.616,Semantic match score 0.616
CAND_0076719,754,0.616,Semantic match score 0.616
CAND_0004212,755,0.616,Semantic match score 0.616
CAND_0093731,756,0.616,Semantic match score 0.616
CAND_0052736,757,0.616,Semantic match score 0.616
CAND_0095574,758,0.616,Semantic match score 0.616
CAND_0093203,759,0.616,Semantic match score 0.616
CAND_0046145,760,0.616,Semantic match score 0.616
CAND_0018202,761,0.616,Semantic match score 0.616
CAND_0028518,762,0.616,Semantic match score 0.616
CAND_0037426,763,0.616,Semantic match score 0.616
CAND_0005942,764,0.616,Semantic match score 0.616
CAND_0040449,765,0.616,Semantic match score 0.616
CAND_0044441,766,0.616,Semantic match score 0.616
CAND_0088106,767,0.616,Semantic match score 0.616
CAND_0010373,768,0.616,Semantic match score 0.616
CAND_0089254,769,0.616,Semantic match score 0.616
CAND_0072929,770,0.616,Semantic match score 0.616
CAND_0094614,771,0.616,Semantic match score 0.616
CAND_0029448,772,0.616,Semantic match score 0.616
CAND_0059244,773,0.616,Semantic match score 0.616
CAND_0005990,774,0.616,Semantic match score 0.616
CAND_0029627,775,0.616,Semantic match score 0.616
CAND_0061391,776,0.616,Semantic match score 0.616
CAND_0059324,777,0.616,Semantic match score 0.616
CAND_0066863,778,0.616,Semantic match score 0.616
CAND_0058489,779,0.616,Semantic match score 0.616
CAND_0088596,780,0.616,Semantic match score 0.616
CAND_0050248,781,0.616,Semantic match score 0.616
CAND_0022901,782,0.616,Semantic match score 0.616
CAND_0029546,783,0.616,Semantic match score 0.616
CAND_0013008,784,0.616,Semantic match score 0.616
CAND_0063177,785,0.616,Semantic match score 0.616
CAND_0083657,786,0.616,Semantic match score 0.616
CAND_0074548,787,0.616,Semantic match score 0.616
CAND_0023956,788,0.616,Semantic match score 0.616
CAND_0055156,789,0.616,Semantic match score 0.616
CAND_0069761,790,0.616,Semantic match score 0.616
CAND_0004363,791,0.616,Semantic match score 0.616
CAND_0041061,792,0.616,Semantic match score 0.616
CAND_0050598,793,0.616,Semantic match score 0.616
CAND_0068560,794,0.616,Semantic match score 0.616
CAND_0068918,795,0.616,Semantic match score 0.616
CAND_0006453,796,0.616,Semantic match score 0.616
CAND_0033848,797,0.616,Semantic match score 0.616
CAND_0065862,798,0.616,Semantic match score 0.616
CAND_0034743,799,0.616,Semantic match score 0.616
CAND_0014584,800,0.616,Semantic match score 0.616
CAND_0010621,801,0.616,Semantic match score 0.616
CAND_0013322,802,0.615,Semantic match score 0.615
CAND_0088647,803,0.615,Semantic match score 0.615
CAND_0041053,804,0.615,Semantic match score 0.615
CAND_0017726,805,0.615,Semantic match score 0.615
CAND_0008989,806,0.615,Semantic match score 0.615
CAND_0073339,807,0.615,Semantic match score 0.615
CAND_0024407,808,0.615,Semantic match score 0.615
CAND_0008597,809,0.615,Semantic match score 0.615
CAND_0001537,810,0.615,Semantic match score 0.615
CAND_0021309,811,0.615,Semantic match score 0.615
CAND_0087311,812,0.615,Semantic match score 0.615
CAND_0005783,813,0.615,Semantic match score 0.615
CAND_0025526,814,0.615,Semantic match score 0.615
CAND_0004985,815,0.615,Semantic match score 0.615
CAND_0056908,816,0.615,Semantic match score 0.615
CAND_0041370,817,0.615,Semantic match score 0.615
CAND_0054756,818,0.615,Semantic match score 0.615
CAND_0022180,819,0.615,Semantic match score 0.615
CAND_0065117,820,0.615,Semantic match score 0.615
CAND_0005147,821,0.615,Semantic match score 0.615
CAND_0005914,822,0.615,Semantic match score 0.615
CAND_0066921,823,0.615,Semantic match score 0.615
CAND_0019965,824,0.615,Semantic match score 0.615
CAND_0036202,825,0.615,Semantic match score 0.615
CAND_0005629,826,0.615,Semantic match score 0.615
CAND_0085489,827,0.615,Semantic match score 0.615
CAND_0095111,828,0.615,Semantic match score 0.615
CAND_0061887,829,0.615,Semantic match score 0.615
CAND_0089491,830,0.615,Semantic match score 0.615
CAND_0036746,831,0.615,Semantic match score 0.615
CAND_0061875,832,0.615,Semantic match score 0.615
CAND_0070590,833,0.615,Semantic match score 0.615
CAND_0081366,834,0.615,Semantic match score 0.615
CAND_0063707,835,0.615,Semantic match score 0.615
CAND_0029295,836,0.615,Semantic match score 0.615
CAND_0024246,837,0.615,Semantic match score 0.615
CAND_0052743,838,0.615,Semantic match score 0.615
CAND_0050779,839,0.615,Semantic match score 0.615
CAND_0064269,840,0.615,Semantic match score 0.615
CAND_0031862,841,0.615,Semantic match score 0.615
CAND_0032754,842,0.615,Semantic match score 0.615
CAND_0073200,843,0.615,Semantic match score 0.615
CAND_0040984,844,0.615,Semantic match score 0.615
CAND_0070611,845,0.615,Semantic match score 0.615
CAND_0068660,846,0.615,Semantic match score 0.615
CAND_0056641,847,0.615,Semantic match score 0.615
CAND_0096760,848,0.615,Semantic match score 0.615
CAND_0010817,849,0.615,Semantic match score 0.615
CAND_0051297,850,0.615,Semantic match score 0.615
CAND_0015568,851,0.615,Semantic match score 0.615
CAND_0074089,852,0.615,Semantic match score 0.615
CAND_0066748,853,0.615,Semantic match score 0.615
CAND_0099138,854,0.615,Semantic match score 0.615
CAND_0089098,855,0.615,Semantic match score 0.615
CAND_0061649,856,0.615,Semantic match score 0.615
CAND_0056130,857,0.615,Semantic match score 0.615
CAND_0095568,858,0.615,Semantic match score 0.615
CAND_0014439,859,0.615,Semantic match score 0.615
CAND_0042850,860,0.615,Semantic match score 0.615
CAND_0048600,861,0.615,Semantic match score 0.615
CAND_0066276,862,0.615,Semantic match score 0.615
CAND_0065467,863,0.615,Semantic match score 0.615
CAND_0006479,864,0.615,Semantic match score 0.615
CAND_0006640,865,0.614,Semantic match score 0.614
CAND_0082407,866,0.614,Semantic match score 0.614
CAND_0098299,867,0.614,Semantic match score 0.614
CAND_0062586,868,0.614,Semantic match score 0.614
CAND_0073803,869,0.614,Semantic match score 0.614
CAND_0096376,870,0.614,Semantic match score 0.614
CAND_0041149,871,0.614,Semantic match score 0.614
CAND_0069635,872,0.614,Semantic match score 0.614
CAND_0005280,873,0.614,Semantic match score 0.614
CAND_0031968,874,0.614,Semantic match score 0.614
CAND_0016424,875,0.614,Semantic match score 0.614
CAND_0069081,876,0.614,Semantic match score 0.614
CAND_0029530,877,0.614,Semantic match score 0.614
CAND_0067043,878,0.614,Semantic match score 0.614
CAND_0043628,879,0.614,Semantic match score 0.614
CAND_0090800,880,0.614,Semantic match score 0.614
CAND_0055838,881,0.614,Semantic match score 0.614
CAND_0029699,882,0.614,Semantic match score 0.614
CAND_0056713,883,0.614,Semantic match score 0.614
CAND_0004805,884,0.614,Semantic match score 0.614
CAND_0069441,885,0.614,Semantic match score 0.614
CAND_0056707,886,0.614,Semantic match score 0.614
CAND_0077028,887,0.614,Semantic match score 0.614
CAND_0025630,888,0.614,Semantic match score 0.614
CAND_0080098,889,0.614,Semantic match score 0.614
CAND_0093357,890,0.614,Semantic match score 0.614
CAND_0091067,891,0.614,Semantic match score 0.614
CAND_0011787,892,0.614,Semantic match score 0.614
CAND_0079525,893,0.614,Semantic match score 0.614
CAND_0058093,894,0.614,Semantic match score 0.614
CAND_0089595,895,0.614,Semantic match score 0.614
CAND_0095392,896,0.614,Semantic match score 0.614
CAND_0031468,897,0.614,Semantic match score 0.614
CAND_0063663,898,0.614,Semantic match score 0.614
CAND_0028830,899,0.614,Semantic match score 0.614
CAND_0094770,900,0.614,Semantic match score 0.614
CAND_0091175,901,0.614,Semantic match score 0.614
CAND_0032284,902,0.614,Semantic match score 0.614
CAND_0081704,903,0.614,Semantic match score 0.614
CAND_0056956,904,0.614,Semantic match score 0.614
CAND_0007915,905,0.614,Semantic match score 0.614
CAND_0007309,906,0.614,Semantic match score 0.614
CAND_0005644,907,0.614,Semantic match score 0.614
CAND_0088375,908,0.614,Semantic match score 0.614
CAND_0031766,909,0.614,Semantic match score 0.614
CAND_0098335,910,0.614,Semantic match score 0.614
CAND_0001433,911,0.614,Semantic match score 0.614
CAND_0094626,912,0.614,Semantic match score 0.614
CAND_0065644,913,0.614,Semantic match score 0.614
CAND_0030754,914,0.614,Semantic match score 0.614
CAND_0067312,915,0.614,Semantic match score 0.614
CAND_0031271,916,0.613,Semantic match score 0.613
CAND_0067979,917,0.613,Semantic match score 0.613
CAND_0051818,918,0.613,Semantic match score 0.613
CAND_0097936,919,0.613,Semantic match score 0.613
CAND_0052982,920,0.613,Semantic match score 0.613
CAND_0083678,921,0.613,Semantic match score 0.613
CAND_0051335,922,0.613,Semantic match score 0.613
CAND_0034662,923,0.613,Semantic match score 0.613
CAND_0073874,924,0.613,Semantic match score 0.613
CAND_0059015,925,0.613,Semantic match score 0.613
CAND_0049191,926,0.613,Semantic match score 0.613
CAND_0000828,927,0.613,Semantic match score 0.613
CAND_0063658,928,0.613,Semantic match score 0.613
CAND_0035423,929,0.613,Semantic match score 0.613
CAND_0050394,930,0.613,Semantic match score 0.613
CAND_0035312,931,0.613,Semantic match score 0.613
CAND_0056029,932,0.613,Semantic match score 0.613
CAND_0039463,933,0.613,Semantic match score 0.613
CAND_0043800,934,0.613,Semantic match score 0.613
CAND_0064475,935,0.613,Semantic match score 0.613
CAND_0060550,936,0.613,Semantic match score 0.613
CAND_0094392,937,0.613,Semantic match score 0.613
CAND_0018268,938,0.613,Semantic match score 0.613
CAND_0063737,939,0.613,Semantic match score 0.613
CAND_0053713,940,0.613,Semantic match score 0.613
CAND_0080519,941,0.613,Semantic match score 0.613
CAND_0022359,942,0.613,Semantic match score 0.613
CAND_0031402,943,0.613,Semantic match score 0.613
CAND_0003921,944,0.613,Semantic match score 0.613
CAND_0039003,945,0.613,Semantic match score 0.613
CAND_0037224,946,0.613,Semantic match score 0.613
CAND_0089059,947,0.613,Semantic match score 0.613
CAND_0012514,948,0.613,Semantic match score 0.613
CAND_0056168,949,0.613,Semantic match score 0.613
CAND_0018120,950,0.613,Semantic match score 0.613
CAND_0089405,951,0.613,Semantic match score 0.613
CAND_0089225,952,0.613,Semantic match score 0.613
CAND_0006394,953,0.613,Semantic match score 0.613
CAND_0069696,954,0.613,Semantic match score 0.613
CAND_0028971,955,0.613,Semantic match score 0.613
CAND_0001644,956,0.613,Semantic match score 0.613
CAND_0064011,957,0.613,Semantic match score 0.613
CAND_0083971,958,0.613,Semantic match score 0.613
CAND_0077566,959,0.613,Semantic match score 0.613
CAND_0089953,960,0.613,Semantic match score 0.613
CAND_0003117,961,0.613,Semantic match score 0.613
CAND_0084629,962,0.613,Semantic match score 0.613
CAND_0012093,963,0.613,Semantic match score 0.613
CAND_0042673,964,0.613,Semantic match score 0.613
CAND_0007587,965,0.613,Semantic match score 0.613
CAND_0060251,966,0.613,Semantic match score 0.613
CAND_0013458,967,0.613,Semantic match score 0.613
CAND_0051343,968,0.613,Semantic match score 0.613
CAND_0096466,969,0.613,Semantic match score 0.613
CAND_0089228,970,0.613,Semantic match score 0.613
CAND_0092696,971,0.613,Semantic match score 0.613
CAND_0027527,972,0.613,Semantic match score 0.613
CAND_0010760,973,0.613,Semantic match score 0.613
CAND_0055670,974,0.613,Semantic match score 0.613
CAND_0042236,975,0.612,Semantic match score 0.612
CAND_0055216,976,0.612,Semantic match score 0.612
CAND_0064599,977,0.612,Semantic match score 0.612
CAND_0017129,978,0.612,Semantic match score 0.612
CAND_0042285,979,0.612,Semantic match score 0.612
CAND_0046705,980,0.612,Semantic match score 0.612
CAND_0073933,981,0.612,Semantic match score 0.612
CAND_0023868,982,0.612,Semantic match score 0.612
CAND_0064263,983,0.612,Semantic match score 0.612
CAND_0051007,984,0.612,Semantic match score 0.612
CAND_0070529,985,0.612,Semantic match score 0.612
CAND_0022843,986,0.612,Semantic match score 0.612
CAND_0091599,987,0.612,Semantic match score 0.612
CAND_0087653,988,0.612,Semantic match score 0.612
CAND_0089263,989,0.612,Semantic match score 0.612
CAND_0065302,990,0.612,Semantic match score 0.612
CAND_0013777,991,0.612,Semantic match score 0.612
CAND_0012051,992,0.612,Semantic match score 0.612
CAND_0096694,993,0.612,Semantic match score 0.612
CAND_0011476,994,0.612,Semantic match score 0.612
CAND_0030761,995,0.612,Semantic match score 0.612
CAND_0035113,996,0.612,Semantic match score 0.612
CAND_0068517,997,0.612,Semantic match score 0.612
CAND_0041562,998,0.612,Semantic match score 0.612
CAND_0003612,999,0.612,Semantic match score 0.612
CAND_0054917,1000,0.612,Semantic match score 0.612
